architecture,rouge1,rougeL,bleu
baseline,0.03781776132825713,0.030756398809388685,9.832737093963472e-06
naive_rag,0.7238171546250076,0.6933837962169178,0.6414318133757728
hybrid,0.7238171546250076,0.6933837962169178,0.6414318133757728
