step,train_loss,val_loss
0,1.0,1.1
10,0.5,0.6
20,0.3333333333333333,0.4125
30,0.25,0.31428571428571433
40,0.2,0.25384615384615383
50,0.16666666666666666,0.21290322580645163
