metric,baseline,naive_rag,pct_change
format_adherence,1.0,1.0,0.0
rouge1,0.04704699673872483,0.7166996846247629,1423.3696820329458
rougeL,0.03516058561104838,0.6825525804723084,1841.2434935606773
bleu,6.424308098393553e-05,0.6300914138279157,980692.6459589864
consistency,1.0,1.0,0.0
hallucination_frequency,0.0,0.06,0.0
