metric,v1_naive_rag,v2_hybrid_rag,pct_change
rouge1,0.7166996846247629,0.7166996846247629,0.0
rougeL,0.6825525804723084,0.6825525804723084,0.0
bleu,0.6300914138279157,0.6300914138279157,0.0
